player_id,discord_id,discord_display_name,tracker_url
p001,jtclipz,JTclipz,https://rocketleague.tracker.network/rocket-league/profile/epic/JTclipz/overview
p002,hulksmasher_07,Hulksmasher-07,https://rocketleague.tracker.network/rocket-league/profile/epic/Hulksmasher178/overview
p004,wrathadelic,Wrathadelic 激怒,https://rocketleague.tracker.network/rocket-league/profile/epic/wrathadelic/mmr?playlist=11
p027,ronx,//Ronx,
p029,miragesteezyboi,mirage,
p030,ewookamii,kyou,https://rocketleague.tracker.network/rocket-league/profile/steam/76561198167790324/overview
p031,lavenderlamps,lavenderlamps,https://rocketleague.tracker.network/rocket-league/profile/epic/Lavender%20Lamps/overview
p032,pokeninja77,pokeninja77,https://rocketleague.tracker.network/rocket-league/profile/epic/Pokeninja77/overview
p033,lucasls0749_89752,Zero_RL61,https://rocketleague.tracker.network/rocket-league/profile/epic/Zero%20.%20RL/overview
p034,tavlorjo,t a v,
p035,viprerl,Viprerl,https://rocketleague.tracker.network/rocket-league/profile/epic/Vipre.rl/overview
p036,tynightg,TyNight_G,https://rocketleague.tracker.network/rocket-league/profile/epic/TynightG/overview
p037,sleepycrimson_,SleepyCrimson,https://rocketleague.tracker.network/rocket-league/profile/psn/SleepyCrimson_/overview
p038,984.g.light_44951,G-light,https://rocketleague.tracker.network/rocket-league/profile/epic/twitchcliped/overview
p039,shy_axolotl,Shy Axolotl,https://rocketleague.tracker.network/rocket-league/profile/epic/Shy%20Axolotl/overview
p040,bluemoon003,Bluemoon,https://rocketleague.tracker.network/rocket-league/profile/epic/its_BlueMoon/overview
p041,thisrealheretic,bren,https://rocketleague.tracker.network/rocket-league/profile/epic/IndiaTechCEO/overview
p042,tea__72,T E A _,https://rocketleague.tracker.network/rocket-league/profile/epic/t%20e%20a%20_/overview
p043,jake020282,Jyyrin,https://rocketleague.tracker.network/rocket-league/profile/epic/Enoch%C9%A3/overview
p044,fearxotic,FRҳ̸Ҳ̸ҳST,https://rocketleague.tracker.network/rocket-league/profile/epic/WXR%20FRXST/overview
p045,chieffed,Chief,https://rocketleague.tracker.network/rocket-league/profile/steam/76561199041920789/overview
p046,.notshxdow.,S̷̷h̷a̷̷d̷̷o̷̷w̷,https://rocketleague.tracker.network/rocket-league/profile/epic/Shxdowツツ/overview
p047,kyser03,T _ K,https://rocketleague.tracker.network/rocket-league/profile/epic/T%20_%20K/overview
p048,keur31,keur_-,https://rocketleague.tracker.network/rocket-league/profile/epic/keur_-/overview
p049,sebster._,Sebby_321,https://rocketleague.tracker.network/rocket-league/profile/epic/sebby_321/overview
p050,zzznbbu,Saspyr,https://rocketleague.tracker.network/rocket-league/profile/epic/Z%20E%20N%20B%20U/overview
p051,fluffbal,Fluffball0204,https://rocketleague.tracker.network/rocket-league/profile/epic/Fluffball0204/overview
p052,fxscout.,fxscout,https://rocketleague.tracker.network/rocket-league/profile/epic/fxscout/overview
p053,skeddyz,Skeddyz,https://rocketleague.tracker.network/rocket-league/profile/steam/76561198027745325/overview
p054,shrunkenacid,CumaKazi,https://rocketleague.tracker.network/rocket-league/profile/epic/CumaKazi/overview
p055,whackaduck,Whackaduck,https://rocketleague.tracker.network/rocket-league/profile/epic/Whackaduck/overview
p056,cyeq,cỵesc,https://rocketleague.tracker.network/rocket-league/profile/epic/c%E1%BB%B5esc/overview
p057,peww_,FC3S PEWW,https://rocketleague.tracker.network/rocket-league/profile/epic/FC3S%20PEWW/overview
p058,pickleskills_01604,PixelSkills,
p059,xaulty,Xaulty,https://rocketleague.tracker.network/rocket-league/profile/epic/xaulty/overview
p060,tigerr_rl,Tigerr_.,https://rocketleague.tracker.network/rocket-league/profile/epic/Tigerr_./overview
p061,peanuty3,Peanut!,https://rocketleague.tracker.network/rocket-league/profile/epic/Peanuty3/overview
p062,remydemike,remy_demike,https://rocketleague.tracker.network/rocket-league/profile/epic/remy_demike/overview
p063,ayjake_,AyJake,https://rocketleague.tracker.network/rocket-league/profile/epic/ayjake/overview
p064,jordo37,Jordo37_,
p065,3cisdead,OfficialThreeC,https://rocketleague.tracker.network/rocket-league/profile/epic/OfficialThreeC/overview
p066,jammiejam69,Jammiejam23,https://rocketleague.tracker.network/rocket-league/profile/epic/jammiejam23/overview
p067,hypervhillian,HyperChill96,https://rocketleague.tracker.network/rocket-league/profile/epic/HyperChill96/overview
p068,wikki_0618,Wikki,https://rocketleague.tracker.network/rocket-league/profile/epic/Wikki_RL/overview
p069,kordred,Kordred,https://rocketleague.tracker.network/rocket-league/profile/epic/Kordred/overview
p070,eliasroses,EliasRoses,https://rocketleague.tracker.network/rocket-league/profile/epic/EliasRoses/overview
p071,swixxt.,Swixxt.,https://rocketleague.tracker.network/rocket-league/profile/epic/Swixxt./overview
p072,drae.osas,cold.,https://rocketleague.tracker.network/rocket-league/profile/epic/drae_RL/overview
p073,willham30,TTVBigDubGaming,https://rocketleague.tracker.network/rocket-league/profile/epic/TTVbigdubgaming/overview
p074,bailbo,Bailbos,
p075,cars4jordan,cars4jordan,
p076,uncjeebs,Unc Jeebs,https://rocketleague.tracker.network/rocket-league/profile/steam/76561198419315476/overview
p077,busterjames,Buster,https://rocketleague.tracker.network/rocket-league/profile/epic/Buster-James/mmr?playlist=11
p078,preaux.,Preaux,https://rocketleague.tracker.network/rocket-league/profile/epic/Preaux./mmr?playlist=11
p079,kanash1mi._,Kanashimi,https://rocketleague.tracker.network/rocket-league/profile/epic/K4na./overview
p080,lxqkz.,Freaki.,https://rocketleague.tracker.network/rocket-league/profile/epic/Freakiii./overview
p081,ttvbidnate_40152,Dirk Nowitzki lover,https://rocketleague.tracker.network/rocket-league/profile/epic/Ttvbidnate%20/overview
p082,logan0975,logan (yen),https://rocketleague.tracker.network/rocket-league/profile/steam/76561198117604911/overview
p083,tranquelity,tranq,
p084,withheldhappiness,Happy,https://rocketleague.tracker.network/rocket-league/profile/epic/Withappyofficial/overview
p085,taydertot132,Tayd3rtot,https://rocketleague.tracker.network/rocket-league/profile/xbl/Tayd3rtot/overview
p086,suuth.west,ooostdysseus,https://rocketleague.tracker.network/rocket-league/profile/epic/ooostdysseus/overview
p087,ch3mic_0ffical,Ch3mic19,https://rocketleague.tracker.network/rocket-league/profile/epic/ch3mic19/overview
p088,pacoj1,Pacoj1,https://rocketleague.tracker.network/rocket-league/profile/steam/76561198856551841/overview
p089,iin0tar,Its_Ar,
p090,hoodiek1ng,HOODIEEEEE,
p091,officialnexus6,ImNexus6,https://rocketleague.tracker.network/rocket-league/profile/epic/ImNexus6/mmr?playlist=11
p092,dismantle0571,Dismantle,https://rocketleague.tracker.network/rocket-league/profile/psn/D1smant3l/overview
p093,xxwhitehammer99,XxWhiteHammer99,https://rocketleague.tracker.network/rocket-league/profile/psn/WhiteHammerxX99/overview
p094,bril584,Bril584,https://rocketleague.tracker.network/rocket-league/profile/epic/TacoPastorBrilly/overview
p095,eliroiscool,eliro,https://rocketleague.tracker.network/rocket-league/profile/epic/eliroiscool/overview
p096,whyiszerotaken,z...,https://rocketleague.tracker.network/rocket-league/profile/epic/žerö./overview
p097,bigwill671,TPG4LIFE_,https://rocketleague.tracker.network/rocket-league/profile/epic/TPG4LIFE_/overview
p098,popayes5,popayes5,https://rocketleague.tracker.network/rocket-league/profile/steam/76561198400592238/overview
p099,noahandjacksooooon,FrostyJaxk,https://rocketleague.tracker.network/rocket-league/profile/xbl/FrostyJaxk/overview
p100,lievation,Lievation,https://rocketleague.tracker.network/rocket-league/profile/epic/Lievation/overview
p101,nugget003,Nuggy_003,https://rocketleague.tracker.network/rocket-league/profile/epic/Nuggy_003/overview
p102,conic_ow,Conic_OW,https://rocketleague.tracker.network/rocket-league/profile/epic/Conic_OW/overview
p103,blitzcomeback,Blitz!,https://rocketleague.tracker.network/rocket-league/profile/epic/Blitzcomeback/overview
p104,aidanroan,aidanroan,https://rocketleague.tracker.network/rocket-league/profile/epic/Aidanroan/overview
p105,lyfestori,LyfeStori,https://rocketleague.tracker.network/rocket-league/profile/epic/Lyfe%20of%20Tales/overview
p106,sk8boadr,Sk8boarddude360,https://rocketleague.tracker.network/rocket-league/profile/epic/Jeake./overview
p107,gohant123,Gohant123,
p108,raunchyromanian,RaunchyRomanian,https://rocketleague.tracker.network/rocket-league/profile/epic/RaunchyRomanian/overview
p109,its_debo.,Debo †,https://rocketleague.tracker.network/rocket-league/profile/epic/itsDebo./overview
p110,kizmet.exe,Kismet,https://rocketleague.tracker.network/rocket-league/profile/steam/76561199011681440/overview
p111,rogue_91,vR0GUEv,https://rocketleague.tracker.network/rocket-league/profile/epic/vR0GUEv/overview
p112,beechpilot,Beech Pilot,
p113,jaeger6969,Ghostyloves69,https://rocketleague.tracker.network/rocket-league/profile/steam/76561198433091648/overview
p114,.itszerox,Zerox,https://rocketleague.tracker.network/rocket-league/profile/steam/76561199023999205/mmr?playlist=11
p115,yotes_rl,Yotes-,https://rocketleague.tracker.network/rocket-league/profile/epic/Yotes-/overview
p116,sym14,SYM.O5,https://rocketleague.tracker.network/rocket-league/profile/psn/Sym_14/overview
p117,tinytoast717,toastμ,https://rocketleague.tracker.network/rocket-league/profile/epic/BigToast717/overview
p118,lumoxity.,lumoxity.,https://rocketleague.tracker.network/rocket-league/profile/epic/Lumo.%20REBORN/performance
p119,temporary_username.123,Satoru Gojo,https://rocketleague.tracker.network/rocket-league/profile/epic/AidexΣ/overview
p120,astonish,Astonish,https://rocketleague.tracker.network/rocket-league/profile/epic/Astonish33/overview
p121,urrharu,Aternaッ,
p122,fallenrealms,FallenRealms,https://rocketleague.tracker.network/rocket-league/profile/epic/FallenRealms/overview
p123,bramstn_85670,oshep.,https://rocketleague.tracker.network/rocket-league/profile/epic/oshep./overview
p124,kytheguy,Uthceare,https://rocketleague.tracker.network/rocket-league/profile/epic/Uhtceare/overview
p125,oranger_2,orange,https://rocketleague.tracker.network/rocket-league/profile/steam/76561199028918036/overview
p126,tnk_knights,op_knights,https://rocketleague.tracker.network/rocket-league/profile/epic/op_knights/overview
p127,hityouhard,dripz,https://rocketleague.tracker.network/rocket-league/profile/epic/dripzi%20./overview
p128,sillygooseseven,seven,https://rocketleague.tracker.network/rocket-league/profile/steam/76561198248101774/overview
p129,lukedemodonoghue,EblockDemo89,https://rocketleague.tracker.network/rocket-league/profile/epic/EblockDemo89/overview
p130,ibaliistic,iBallistictyler,https://rocketleague.tracker.network/rocket-league/profile/epic/iBallisticTyler/overview
p131,cookie9288,Oni-Cookie,https://rocketleague.tracker.network/rocket-league/profile/epic/Cookie%20Rudeus%20jr/overview
p132,schemechris,Scheme,https://rocketleague.tracker.network/rocket-league/profile/epic/S%20C%20H%20E%20M%20E./overview
p133,dl1chocolate,Draco,https://rocketleague.tracker.network/rocket-league/profile/epic/SwiftMat8395/overview
p134,.ghosty.7777,ghoosstyyyyyyy,https://rocketleague.tracker.network/rocket-league/profile/epic/ghoosstyyyyyyy/overview
p135,otukoh,Oni,https://rocketleague.tracker.network/rocket-league/profile/steam/76561199033288239/overview
p136,jromero412,Jcole,https://rocketleague.tracker.network/rocket-league/profile/epic/Jcoleッ/overview
p137,classymike.,classy,https://rocketleague.tracker.network/rocket-league/profile/steam/76561198106337926/overview
p138,unbrxkn,UnBrxkn,https://rocketleague.tracker.network/rocket-league/profile/epic/UnBrxkn/overview
p139,shaquilleomeal69,X-LordRL,https://rocketleague.tracker.network/rocket-league/profile/epic/X-Lord26/overview
p140,vvorlk,vvorlk,https://rocketleague.tracker.network/rocket-league/profile/epic/vvorlk/overview
p141,chalupabatman69.,B34N Chalupa,https://rocketleague.tracker.network/rocket-league/profile/epic/B34N%20Chalupa/overview
p142,oofxd,solaraiz,https://rocketleague.tracker.network/rocket-league/profile/steam/76561198116046657/overview
p143,donkey7469,Donkey Szn,https://rocketleague.tracker.network/rocket-league/profile/epic/Donkey%20Szn/overview
p144,captain_kole,Kolesinho,https://rocketleague.tracker.network/rocket-league/profile/steam/76561199004078400/overview
p145,porkybeatle,ratsprunkler,https://rocketleague.tracker.network/rocket-league/profile/epic/ratsprunkler/overview
p146,dasistgoose,TAG Goose,
p147,dotmaki.,maki ღ,
p148,paul.ie,Paulie :),https://rocketleague.tracker.network/rocket-league/profile/steam/76561198984168264/overview
p149,code.0_0,Code,https://rocketleague.tracker.network/rocket-league/profile/steam/76561198191413586/overview
p150,zbloom.,zbloom,https://rocketleague.tracker.network/rocket-league/profile/steam/76561198098842779/overview
p151,masterofthesauce,MasterOfTheSauce,https://rocketleague.tracker.network/rocket-league/profile/epic/MasterOfTheSauce/mmr?playlist=11
p152,camibro,Aerium,https://rocketleague.tracker.network/rocket-league/profile/epic/Aerimoon./overview
p153,drkmist,drkmist,
p154,boywunder,Boywunder,https://rocketleague.tracker.network/rocket-league/profile/steam/76561198801492596/overview
p155,kourses,Kourses (Stytes<3),https://rocketleague.tracker.network/rocket-league/profile/steam/76561198334993514/overview
p156,champubot,Aqua.Regia.,https://rocketleague.tracker.network/rocket-league/profile/epic/Aqua.regia./overview
p157,radiant_sun12,Natural_RL,https://rocketleague.tracker.network/rocket-league/profile/epic/Natural_RL/overview
p158,beesnay,Beesnay,https://rocketleague.tracker.network/rocket-league/profile/epic/ẞëëşňæ/overview
p159,ino_f,zorro,https://rocketleague.tracker.network/rocket-league/profile/steam/76561198183650675/overview
p160,ph4nt0m_rl,Phantom ✝,https://rocketleague.tracker.network/rocket-league/profile/steam/76561198304222794/overview
p161,xanyuh.,Xan,https://rocketleague.tracker.network/rocket-league/profile/steam/76561199559527119/overview
p162,prod.yert,yert,https://rocketleague.tracker.network/rocket-league/profile/steam/76561198395504699/mmr?playlist=11
p163,arlekeeno.,Arlekeeno,https://rocketleague.tracker.network/rocket-league/profile/epic/Arle%20ツ/overview
p164,kia_krio,KIA_krio,https://rocketleague.tracker.network/rocket-league/profile/psn/KIA_krio/overview
p165,light_mcc,Light,https://rocketleague.tracker.network/rocket-league/profile/epic/Light_Wigglebean/overview
p166,nibs__,nibs,https://rocketleague.tracker.network/rocket-league/profile/epic/nibs%20./overview
p167,s0xxqt,s0xxqt,https://rocketleague.tracker.network/rocket-league/profile/epic/s0xxqt/overview
p168,ionzrl,ionz,https://rocketleague.tracker.network/rocket-league/profile/steam/76561198319371209/overview
p169,xanman143,NovaRL,https://rocketleague.tracker.network/rocket-league/profile/epic/Kaizèñ/overview
p170,.toneloc.,Tone.,
p171,.bassin,Bassin,https://rocketleague.tracker.network/rocket-league/profile/steam/76561198360610361/overview
p172,mollythebeast,Molly The Beast,https://rocketleague.tracker.network/rocket-league/profile/epic/apparently%20Sun./overview
p173,pax_i,Pax,https://rocketleague.tracker.network/rocket-league/profile/epic/Pax-_i/overview
p174,siege_suckz,Weeny-boo-boo,https://rocketleague.tracker.network/rocket-league/profile/epic/Weeny-boo-boo/overview
p175,staind.rl,staind,https://rocketleague.tracker.network/rocket-league/profile/epic/staınd/overview
p176,cole9266,C01e01,https://rocketleague.tracker.network/rocket-league/profile/epic/C01E01/overview
p177,geebee97,GeeBee,https://rocketleague.tracker.network/rocket-league/profile/epic/GeeBee_97/overview
p178,nathanmw,Nathan,https://rocketleague.tracker.network/rocket-league/profile/epic/ZavaRL/overview
p179,mr.nuke6360,Mr. Nuke!,https://rocketleague.tracker.network/rocket-league/profile/epic/OldChameleon283/overview
p180,mimzydangerous,Mimzy Dangerous,
p181,sway.rl,sway,https://rocketleague.tracker.network/rocket-league/profile/steam/76561198265992295/overview
p182,vic.7527,Vic,https://rocketleague.tracker.network/rocket-league/profile/epic/ApparentlyVic/overview
p183,crustaceanplus,Delta,https://rocketleague.tracker.network/rocket-league/profile/steam/76561198282753677/overview
p184,ziah_8o8,Illziah,https://rocketleague.tracker.network/rocket-league/profile/epic/illziahrl/overview
p185,.nossica.,Nossica :3,https://rocketleague.tracker.network/rocket-league/profile/steam/76561198246627956/overview
p186,sytomic0,sytomic.,https://rocketleague.tracker.network/rocket-league/profile/epic/sytomic./overview
p187,volto_0,Volto_0,https://rocketleague.tracker.network/rocket-league/profile/steam/76561198413379368/overview
p188,smith0.,SmithRL.,https://rocketleague.tracker.network/rocket-league/profile/epic/SmithRL./overview
p189,swift221,Sleepy,https://rocketleague.tracker.network/rocket-league/profile/epic/sleepyyyyyyyyys/overview
p190,mediocre_music,Mediocre,https://rocketleague.tracker.network/rocket-league/profile/epic/Mediocre_Music/overview
p191,toxicallyat3r,T,https://rocketleague.tracker.network/rocket-league/profile/epic/toxic859recap/overview
p192,grizz_.__,Grizz,https://rocketleague.tracker.network/rocket-league/profile/epic/Grizz_._/mmr?playlist=11
p193,nelzzz._.,nelz.,https://rocketleague.tracker.network/rocket-league/profile/steam/76561198175632990/overview
p194,massaint,Massaint,https://rocketleague.tracker.network/rocket-league/profile/epic/Massaint/overview
p195,hazardxnz.,hazard,https://rocketleague.tracker.network/rocket-league/profile/epic/L%20hazard./overview
p196,luminati0402,Luminati,https://rocketleague.tracker.network/rocket-league/profile/steam/76561198048392492/overview
p197,shxdekamii,Shxde,https://rocketleague.tracker.network/rocket-league/profile/steam/76561199074515002/overview
p198,leumyy,LEUMYY,https://rocketleague.tracker.network/rocket-league/profile/steam/76561198074586972/overview
p199,resilientfury,ResilientFury,https://rocketleague.tracker.network/rocket-league/profile/epic/ResilientFury/overview
p200,tbr0ck,Tbrock,https://rocketleague.tracker.network/rocket-league/profile/epic/Tbrock./overview
p201,jxsticefa,jx.,https://rocketleague.tracker.network/rocket-league/profile/steam/76561198361543973/overview
p202,charlie06483,Chazie,https://rocketleague.tracker.network/rocket-league/profile/epic/Chazie./overview
p203,fearlucidyt,FearLxcid,https://rocketleague.tracker.network/rocket-league/profile/epic/FearLxcid/overview
p204,chip.rl,chip!,https://rocketleague.tracker.network/rocket-league/profile/steam/76561198343864237/overview
p205,quadar_,quadar,https://rocketleague.tracker.network/rocket-league/profile/epic/quadar./overview
p206,flakes5328,Flakers.,https://rocketleague.tracker.network/rocket-league/profile/epic/Flakers./overview
p207,dragofficial,Drag.,https://rocketleague.tracker.network/rocket-league/profile/epic/DragRL/overview
p208,silwoe,Silwoe,https://rocketleague.tracker.network/rocket-league/profile/steam/76561198445566335/overview
p209,juicyleaf,TheJuicyLeaf,https://rocketleague.tracker.network/rocket-league/profile/epic/TheJuicyLeaf/overview
p210,di0sbela.,Zirza_,https://rocketleague.tracker.network/rocket-league/profile/psn/Zirza_/overview
p211,0atz,Hud,https://rocketleague.tracker.network/rocket-league/profile/steam/76561199090052902/overview
p212,_tomahas,aurora,https://rocketleague.tracker.network/rocket-league/profile/epic/aurora%20µ/overview
p213,realmrl,kyo,https://rocketleague.tracker.network/rocket-league/profile/epic/rèalm/overview
p214,webrll_,Web,https://rocketleague.tracker.network/rocket-league/profile/epic/w3bnn/overview
p215,4f1zz,fízz,https://rocketleague.tracker.network/rocket-league/profile/epic/fízz./overview
p216,tcg_rush,rush,https://rocketleague.tracker.network/rocket-league/profile/epic/tcg_rush/overview
p217,bbcnews_bigblackchicken_,PurthyGuttBlug,https://rocketleague.tracker.network/rocket-league/profile/epic/PurthyGuttBlug/overview
p218,1bynx,CrayonEater,https://rocketleague.tracker.network/rocket-league/profile/epic/bynxdop/overview
p219,jukerz_.,sxntinal,https://rocketleague.tracker.network/rocket-league/profile/epic/sxntinal/overview
p220,scrxb,$crxb,https://rocketleague.tracker.network/rocket-league/profile/steam/76561198257247664/overview
p221,konstancy,Konstancy,https://rocketleague.tracker.network/rocket-league/profile/epic/Kon%20ψ/overview
p222,.puggis,Pugdih,https://rocketleague.tracker.network/rocket-league/profile/epic/puggis./overview
p223,swis_h,Swish,https://rocketleague.tracker.network/rocket-league/profile/epic/Swishµ/overview
p224,lmns1,Tensure,https://rocketleague.tracker.network/rocket-league/profile/epic/Tensure/overview
p225,syntheypie,Synthey,https://rocketleague.tracker.network/rocket-league/profile/epic/Syntheyµ/overview
p226,vroomzy,Vroooooooomzy,https://rocketleague.tracker.network/rocket-league/profile/epic/ItzVroomzy/overview
p227,metrozalia,metroz,https://rocketleague.tracker.network/rocket-league/profile/epic/metrozrl/overview
p228,beasty5935,gio!,https://rocketleague.tracker.network/rocket-league/profile/epic/geeeto/overview
p229,lotto6,lotto,https://rocketleague.tracker.network/rocket-league/profile/steam/76561198346318046/overview
p230,peyton3228,Reckr,https://rocketleague.tracker.network/rocket-league/profile/epic/Reckrッ/overview
p231,n3rd_justin,Steve,https://rocketleague.tracker.network/rocket-league/profile/epic/N3RD_Justin/overview
p232,ingebean,bb,https://rocketleague.tracker.network/rocket-league/profile/steam/76561198091819638/overview
p233,yahzi._,yahzi._,
p234,unlikepkay,Bakura,https://rocketleague.tracker.network/rocket-league/profile/steam/76561199038984908/overview
p235,insxner,insxner,https://rocketleague.tracker.network/rocket-league/profile/steam/76561198320518874/overview
p236,claymoregg,Claymore,https://rocketleague.tracker.network/rocket-league/profile/steam/76561199001078005/overview
p237,rlexo_,rlexo_,https://rocketleague.tracker.network/rocket-league/profile/xbl/no%20grass%20landn/overview
p238,chickenisice,Chicken,https://rocketleague.tracker.network/rocket-league/profile/epic/ChickenisICE/overview
p239,krillian1x.,.,https://rocketleague.tracker.network/rocket-league/profile/steam/76561198426124550/overview
p240,icy.betta,Icy,https://rocketleague.tracker.network/rocket-league/profile/epic/Icyissad/overview
p241,justkraze,Just Kraze,https://rocketleague.tracker.network/rocket-league/profile/epic/Just%20Kraze/overview
